EDAD;GENERO;UNIV;SEMESTRE;ANIO_CURSO;TIPO_UNIV;AREA_CARRERA;EDUC_PADRE;EDUC_MADRE;CONVIVENCIA;EF1;EF2;EF3;EF4;EF5;EF6;VI1;VI2;VI3;VI4;VI5;EA1;EA2;EA3;EA4;AA1;AA2;AA3;AA4;AS1;AS2;AS3;AS4;DA1;DA2;DA3;DA4;fracaso;APOYO;CONFIANZA;COMUNIDAD;APOYO_DPCENTE;SATISFACCION_RENDIMIENTO;RESPONSABLE_TAREAS;ESFUERZO_DEDICACI”N;AVANCE SIN RETRAXOS
21;1;1;7;1;1;2;2;2;1;1;1;1;1;1;1;1;1;1;1;1;1;1;1;1;1;1;1;1;1;5;5;5;5;1;5;5;5;5;5;1;5;5;5;1;5
22;1;1;7;4;1;2;3;3;1;1;1;1;1;1;1;1;1;1;1;1;1;1;1;1;1;4;5;4;5;5;4;5;4;5;5;5;4;4;5;4;5;5;4;5;4
19;2;2;6;3;1;2;3;2;2;1;1;2;2;2;2;1;1;1;1;1;1;1;2;1;2;1;1;1;1;1;1;1;1;1;1;1;1;1;1;1;1;2;1;1;1
23;2;1;4;1;1;1;4;2;1;1;1;1;1;1;1;1;1;1;1;1;1;1;1;1;1;4;4;3;3;4;3;4;3;3;4;3;3;4;3;3;3;3;2;2;2
22;1;1;5;5;1;1;4;4;2;1;1;1;1;1;1;1;1;1;1;1;1;1;1;1;1;4;4;4;4;4;4;4;4;4;4;4;4;4;4;4;4;4;4;4;4
21;2;1;5;3;1;3;3;2;2;1;1;1;1;1;1;1;1;1;1;1;1;1;1;1;1;3;3;3;3;3;3;3;3;3;3;3;3;3;3;3;3;3;4;3;3
22;2;1;5;5;1;1;4;3;2;1;1;3;1;1;1;1;1;1;1;1;1;1;1;1;1;4;4;4;4;3;4;4;4;5;5;5;5;5;5;5;5;3;3;3;3
22;1;1;6;1;1;1;2;2;2;1;1;1;1;1;1;1;1;1;1;1;1;1;1;1;1;1;1;1;1;1;1;1;1;1;1;1;1;1;1;1;1;4;3;4;3
19;1;1;5;3;1;1;2;4;2;1;1;2;1;1;1;1;1;1;1;1;1;1;1;1;1;3;3;3;4;3;3;3;3;4;3;4;4;5;5;5;5;3;3;3;3
27;2;1;6;1;1;1;4;2;3;1;1;1;1;1;1;1;1;1;1;1;1;1;1;1;2;1;1;2;2;2;2;2;1;2;3;1;1;1;1;2;1;2;2;1;2
19;2;1;4;2;1;1;4;4;2;2;1;1;1;1;1;1;1;1;1;1;1;1;1;1;2;5;5;5;5;5;4;4;4;5;5;5;5;5;1;5;3;4;4;4;4
21;2;1;5;3;1;1;2;4;1;2;1;1;1;1;1;1;1;2;1;1;1;2;1;1;2;5;5;3;4;3;2;4;5;5;5;5;5;5;4;5;5;3;3;3;4
26;1;1;6;5;1;1;3;2;2;2;1;2;2;2;2;1;1;2;1;1;1;3;4;2;3;1;3;3;4;3;4;3;3;3;3;3;4;2;4;3;3;3;5;4;4
20;1;1;5;3;1;1;2;2;2;2;1;2;2;1;2;1;1;2;2;1;1;2;2;3;2;3;3;4;4;3;3;4;3;4;4;4;4;3;3;3;3;3;4;3;4
19;1;1;5;3;1;1;2;4;2;3;1;3;2;1;2;1;1;1;1;1;1;3;3;2;3;3;3;3;3;3;2;3;2;3;3;3;3;4;3;3;3;3;4;4;4
20;2;2;7;1;1;2;2;2;2;2;2;2;2;1;2;1;1;1;1;1;1;1;1;1;1;3;4;4;2;2;2;3;4;4;4;4;4;4;4;4;3;3;3;3;3
20;2;1;5;3;1;1;4;4;2;2;2;2;2;2;2;1;1;1;1;1;1;2;2;2;2;2;2;2;2;3;1;2;2;5;5;5;5;4;4;4;4;4;4;4;4
19;1;1;5;1;1;1;2;2;2;2;2;2;1;1;1;1;1;1;1;1;1;2;2;2;2;5;5;5;5;3;3;3;3;5;5;5;5;5;3;3;3;3;3;3;3
21;1;1;6;4;1;1;4;2;2;2;2;4;3;1;3;1;1;5;1;1;1;3;5;1;5;5;5;5;5;5;5;5;5;5;5;5;5;4;2;2;3;4;5;5;5
20;2;2;7;1;1;2;2;2;2;3;3;3;3;3;3;1;1;1;1;1;1;1;1;1;1;3;3;3;3;2;2;2;5;3;3;3;3;4;4;4;4;3;3;3;3
19;1;1;5;3;1;1;4;2;1;5;3;5;5;3;5;1;1;3;1;1;1;3;3;3;4;4;4;4;5;3;2;4;3;4;4;5;5;3;5;4;4;2;3;4;4
18;2;2;4;1;1;2;4;4;2;1;1;1;1;1;1;2;1;1;1;1;1;1;1;1;1;4;4;4;4;4;4;4;4;4;4;4;4;4;4;4;4;4;4;4;4
20;2;1;4;1;1;1;4;4;1;2;1;2;2;2;3;2;1;1;1;1;1;2;2;2;2;3;3;3;3;3;3;3;3;3;3;3;3;3;3;3;3;3;3;3;3
22;2;2;6;1;1;2;4;4;1;2;1;2;2;1;2;2;1;1;1;1;1;1;2;1;2;3;5;3;1;2;1;2;2;3;4;4;5;3;2;1;2;2;3;2;2
20;1;1;5;3;1;2;4;4;2;2;1;3;5;1;1;2;1;1;1;1;1;1;1;1;1;3;4;4;4;5;4;4;4;4;4;4;4;5;4;4;4;3;3;4;5
21;2;1;6;3;1;1;4;4;2;2;1;2;2;1;1;2;1;1;1;2;1;1;1;3;1;3;4;3;3;3;3;3;3;3;3;3;3;4;4;3;3;4;4;4;4
20;2;2;3;1;2;2;3;4;2;2;2;1;1;1;1;2;1;1;1;1;1;1;1;2;1;4;3;3;4;3;4;3;4;4;5;3;4;3;3;3;3;3;3;3;3
21;1;1;1;1;1;1;2;1;1;2;2;2;2;2;2;2;1;1;1;1;1;2;1;2;1;5;5;5;5;5;5;5;5;5;5;5;5;5;5;5;5;5;5;5;5
21;2;2;5;3;1;2;4;4;2;3;2;3;1;2;5;2;1;3;1;1;1;1;1;2;3;2;3;4;5;2;3;3;5;5;5;5;5;3;2;4;5;1;2;2;3
20;2;2;5;3;1;2;4;4;2;3;2;2;2;2;2;2;1;1;1;1;1;2;2;1;3;3;3;4;3;3;3;4;5;5;5;5;5;4;5;4;4;4;5;4;5
20;1;1;6;3;1;1;3;3;2;3;4;2;2;1;4;2;1;1;1;1;1;3;2;1;2;5;4;4;3;4;3;5;5;5;5;4;3;3;4;3;4;4;4;3;4
20;2;1;4;2;1;1;4;4;2;2;1;1;3;2;2;3;1;1;1;1;1;1;1;1;3;3;3;3;3;3;3;3;3;3;3;3;3;3;2;3;3;3;3;3;3
20;1;1;4;2;1;1;4;4;2;1;2;1;1;1;2;3;1;2;1;1;1;2;2;1;2;3;3;2;3;1;2;2;3;Columna 6;Columna 6;4;Columna 6;4;4;1;3;3;2;2;2
24;2;1;5;3;1;1;2;3;1;1;2;1;2;1;2;3;1;1;1;1;1;3;2;1;2;3;3;5;5;3;4;4;3;4;4;4;4;3;3;3;3;3;4;3;3
27;2;1;7;4;1;1;2;2;2;3;2;3;4;2;3;3;1;2;1;1;1;2;2;2;1;4;4;4;5;3;4;4;3;4;4;4;3;3;4;4;3;4;3;4;4
20;1;1;4;2;1;1;3;3;2;3;3;3;2;2;2;3;1;1;1;1;1;2;2;1;1;4;4;4;4;3;3;3;3;4;4;4;4;4;4;4;3;3;4;2;4
22;2;1;5;3;1;1;4;4;2;3;3;3;3;3;3;3;1;1;1;1;1;3;3;3;3;2;2;2;2;2;2;2;2;3;3;3;3;2;3;3;3;3;3;3;3
19;2;1;4;2;1;1;4;3;2;4;4;2;3;2;2;3;1;1;1;1;1;2;2;1;2;4;3;4;3;5;5;5;5;5;5;5;5;4;2;2;3;4;4;4;4
21;2;1;5;3;1;1;4;4;2;3;3;1;1;1;1;4;1;2;1;1;1;2;2;2;1;5;3;4;3;1;2;1;2;5;4;3;5;4;3;3;4;3;2;1;4
26;2;2;9;5;1;2;2;3;1;1;1;2;1;2;2;5;1;4;1;1;1;3;3;1;5;3;2;3;2;3;2;3;2;3;2;3;2;5;4;4;4;4;5;4;5
20;1;1;4;1;1;1;3;4;2;2;1;2;2;1;2;1;2;2;2;1;1;2;2;2;2;3;3;3;3;2;2;2;3;3;3;3;3;Columna 1;Columna 1;Columna 1;Columna 1;3;3;3;3
26;2;1;6;1;1;2;3;3;2;2;1;3;4;2;3;1;2;2;1;1;1;3;3;4;2;3;3;3;3;2;1;1;2;2;2;2;2;2;2;2;2;2;3;2;1
19;2;1;5;3;1;1;1;2;1;1;1;4;4;1;4;2;2;2;1;1;1;2;2;4;2;4;4;5;4;3;1;4;2;5;4;4;4;4;5;3;4;3;3;3;4
21;1;1;6;3;1;1;3;2;1;2;1;3;2;1;3;2;2;2;2;2;1;2;2;2;2;4;4;4;4;3;3;3;3;4;4;4;4;4;3;3;3;3;3;3;3
19;1;1;5;3;1;1;3;2;1;2;2;3;4;1;2;2;2;2;1;1;1;2;2;1;1;5;4;4;4;3;3;4;4;3;4;3;4;4;4;2;3;3;3;3;3
21;2;3;5;1;2;2;3;3;1;2;2;3;1;2;3;3;2;2;1;1;1;1;1;1;1;3;3;3;3;3;2;3;3;3;3;3;3;3;3;3;3;3;3;5;Columna 6
23;1;2;9;5;1;2;3;2;2;3;2;3;3;4;4;3;2;3;1;1;1;1;1;3;2;5;4;2;3;2;2;3;2;3;3;4;2;4;4;4;4;4;4;3;4
22;2;2;4;1;1;2;4;4;1;3;3;4;4;3;4;4;2;2;1;1;1;1;2;1;1;4;4;3;4;3;3;2;4;4;3;4;4;4;3;3;4;2;2;3;2
20;2;1;4;2;1;1;4;4;2;3;2;3;3;3;4;5;2;1;1;1;1;1;1;2;1;4;3;3;3;3;3;3;3;3;4;3;3;3;4;4;4;3;3;3;3
21;2;1;5;3;1;1;4;4;3;3;3;3;2;2;4;1;3;3;1;1;1;3;3;1;1;3;3;3;2;2;2;2;3;3;2;3;3;5;5;3;5;3;2;4;3
23;1;1;7;4;1;1;4;4;2;3;3;5;4;2;5;1;3;3;1;2;1;5;5;5;5;5;5;5;5;4;5;5;5;5;5;5;5;3;5;5;5;4;5;4;5
23;2;1;5;2;1;1;2;3;2;2;3;1;3;1;3;2;3;1;3;4;1;1;4;1;4;3;2;4;1;1;3;3;1;1;3;1;3;3;1;3;3;2;1;2;3
21;1;2;9;1;1;2;4;4;2;5;5;5;4;4;5;2;3;3;2;1;1;3;3;2;3;4;3;4;4;2;3;1;3;4;5;5;5;3;Columna 6;Columna 6;4;5;5;5;5
26;2;3;10;5;2;2;2;2;2;3;2;4;4;3;4;4;3;4;1;1;1;4;4;4;4;4;4;4;4;4;3;4;5;4;5;5;5;5;3;2;4;3;3;3;3
22;2;1;6;1;1;1;4;4;2;4;4;2;3;3;2;4;3;3;1;1;1;2;3;3;2;5;5;4;5;4;4;4;5;5;4;5;4;4;2;3;4;4;4;4;4
22;1;1;7;4;1;1;4;3;2;1;1;2;3;1;2;1;4;3;1;1;1;4;4;1;3;2;5;2;1;1;1;3;1;5;5;3;5;4;5;1;2;3;3;5;2
22;2;1;4;2;1;2;2;2;2;1;1;1;4;1;3;1;1;1;2;2;2;1;1;1;2;4;4;5;4;3;1;3;1;4;3;4;5;5;3;2;3;1;3;1;3
20;1;1;5;1;1;1;4;3;2;2;1;1;1;1;1;1;1;1;3;3;2;1;1;1;1;5;4;4;5;2;3;4;4;5;5;5;5;5;4;5;5;4;4;5;5
20;1;1;5;3;1;1;4;3;2;2;1;1;1;1;1;2;1;2;1;2;2;3;2;2;4;3;2;2;3;2;2;2;2;4;4;4;4;5;5;5;3;3;3;3;3
20;1;1;5;1;1;1;4;4;2;2;2;4;4;1;2;2;1;1;3;2;2;2;3;2;2;4;5;5;3;4;4;2;5;5;5;5;5;2;4;2;4;4;4;4;5
19;1;1;5;3;1;1;4;3;2;1;1;1;1;1;1;1;2;1;2;2;2;2;2;3;2;2;3;3;3;3;3;3;3;3;3;4;3;3;3;4;3;2;2;2;2
20;1;1;6;3;1;1;4;3;2;3;2;2;1;3;3;1;2;1;1;3;2;4;4;3;3;2;2;3;2;2;2;2;2;3;3;3;3;3;3;1;3;3;3;2;3
22;2;1;7;4;1;2;4;4;2;3;3;2;2;2;2;1;2;2;2;2;2;2;2;2;2;4;3;4;4;3;3;3;3;4;4;4;4;4;4;4;4;3;3;3;3
20;1;1;5;3;1;1;4;4;2;2;2;2;2;2;2;2;2;2;2;2;2;2;2;2;2;3;3;3;3;3;3;3;3;3;3;3;3;3;3;3;3;3;3;3;3
20;1;1;5;3;1;3;3;1;2;2;2;3;1;2;2;2;2;2;2;2;2;2;2;2;2;2;2;2;2;2;3;2;2;3;3;4;4;3;4;3;4;4;4;4;4
19;1;1;5;3;1;3;3;3;2;2;2;2;2;2;2;2;2;2;2;2;2;2;2;2;2;3;3;3;3;3;3;3;3;3;3;3;3;3;3;3;3;3;3;3;3
21;2;1;5;3;1;1;4;4;2;2;2;2;2;2;2;2;2;2;2;2;2;2;2;2;2;2;2;2;2;2;2;2;2;2;3;1;2;1;1;1;1;1;1;2;2
20;1;1;5;3;1;1;3;3;2;2;2;1;1;2;2;2;2;1;2;1;2;2;2;2;4;4;4;4;4;2;2;2;2;4;4;4;4;5;4;2;3;3;4;3;4
19;2;1;4;3;1;1;4;4;2;2;3;2;2;2;2;2;2;2;2;2;2;2;2;2;2;2;3;2;2;2;3;2;2;2;2;3;3;3;3;3;3;2;2;3;3
27;1;1;6;3;1;1;2;2;2;2;3;3;2;2;2;2;2;2;2;2;2;3;3;2;3;4;4;4;4;4;4;4;3;4;4;3;3;3;2;2;3;2;4;2;3
20;1;1;5;5;1;1;3;3;2;3;3;4;4;4;5;2;2;1;2;1;2;2;1;2;2;1;2;1;3;3;2;1;3;1;3;2;1;2;3;1;2;2;3;3;2
24;1;1;4;2;1;1;2;2;1;3;2;2;1;2;3;3;2;2;1;1;2;2;3;2;2;4;4;5;4;2;2;4;3;5;4;4;3;3;4;4;3;2;2;3;4
23;2;2;5;3;1;2;2;2;2;3;4;3;3;3;4;3;2;3;2;2;2;4;4;3;3;2;2;3;3;2;2;3;2;2;2;3;3;3;2;1;3;2;2;1;3
27;2;1;4;3;1;1;4;2;1;1;1;3;3;3;2;4;4;5;1;1;2;4;4;4;2;3;4;3;3;1;1;3;3;5;5;4;5;3;3;1;2;2;1;4;3
20;1;2;5;5;1;2;4;1;2;3;4;5;5;5;4;5;5;5;1;2;2;5;4;5;4;4;3;4;3;4;3;3;3;3;3;3;3;4;3;3;3;1;2;1;1
21;1;1;7;1;1;1;1;4;2;5;5;5;4;5;5;5;5;5;1;1;2;5;4;3;5;5;5;5;5;5;5;5;5;5;5;5;5;5;5;2;3;4;5;4;4
21;1;1;5;1;1;1;4;2;2;4;4;3;2;2;2;1;1;1;3;3;3;2;1;2;3;5;5;5;5;5;5;3;5;4;4;4;4;4;4;4;4;4;5;3;4
24;1;1;5;1;1;1;3;4;2;4;4;1;1;4;3;2;1;3;4;4;3;3;3;4;2;3;4;3;3;3;4;2;4;3;4;3;4;3;3;1;2;3;3;3;3
22;2;1;6;3;1;1;4;4;1;3;3;3;3;2;3;1;2;1;4;3;3;1;2;1;2;3;3;4;3;3;2;2;4;5;4;4;4;4;4;2;3;3;3;4;4
22;2;2;8;4;1;2;3;4;2;4;2;2;2;3;2;2;2;3;2;3;3;2;2;3;2;2;3;2;2;2;3;2;2;2;2;2;2;3;3;3;3;2;4;2;2
21;1;1;5;1;1;3;3;4;4;2;3;5;4;1;4;2;2;1;2;1;3;3;1;3;1;3;5;5;3;3;3;2;4;5;5;5;5;3;2;4;4;3;5;4;4
21;2;1;7;4;1;2;3;4;1;2;3;3;3;3;3;3;3;3;3;3;3;3;3;3;3;3;3;3;3;3;3;3;3;3;3;3;3;3;3;3;3;3;3;3;3
22;1;1;5;3;1;1;2;3;2;2;3;3;3;3;3;3;3;3;3;3;3;3;3;3;3;3;3;3;3;3;3;3;3;3;3;3;3;3;3;3;3;3;3;3;3
19;2;1;4;1;1;1;4;4;2;3;3;3;3;3;3;3;3;3;3;3;3;3;3;3;3;4;3;4;4;4;4;3;3;4;3;3;3;5;4;4;4;5;5;3;3
20;2;1;5;3;1;2;3;3;2;3;3;3;3;3;3;3;3;3;3;3;3;3;3;3;3;4;4;3;3;3;3;3;3;3;3;3;3;4;3;3;3;3;3;3;3
23;2;1;9;5;1;2;4;4;2;3;3;3;3;3;3;3;3;3;3;3;3;3;3;3;3;3;3;3;3;3;3;3;3;3;3;3;3;3;3;3;3;2;3;3;3
21;1;1;5;2;1;1;2;4;2;4;4;3;4;3;4;3;3;2;3;4;3;4;3;4;4;4;4;3;4;3;4;4;4;4;4;4;3;4;3;4;4;4;4;3;4
19;1;1;4;2;1;1;4;4;3;3;2;2;1;4;5;4;3;2;2;3;3;5;4;2;3;3;2;3;5;3;2;3;2;3;2;3;3;3;3;1;2;3;3;1;2
21;1;1;5;3;1;1;3;1;2;5;4;5;3;5;5;4;3;4;3;1;3;5;5;5;3;5;5;4;4;3;3;3;4;3;3;4;4;3;2;4;4;3;2;1;2
20;1;1;5;3;1;2;2;4;2;5;5;5;5;5;5;4;3;3;4;1;3;3;3;4;4;5;5;5;5;5;5;4;3;3;3;4;4;4;1;2;3;2;4;1;5
20;1;1;4;3;1;1;4;4;2;5;5;4;2;2;3;2;5;5;4;4;3;5;5;5;5;5;5;5;5;5;5;5;5;2;4;5;4;3;1;1;4;2;4;4;4
20;2;1;5;3;1;1;4;4;1;4;4;4;4;4;5;4;5;3;2;4;3;5;5;5;4;5;4;5;5;5;4;4;4;4;5;5;5;4;1;1;5;1;5;2;3
24;1;1;5;1;1;1;3;4;2;4;4;2;1;3;2;1;1;2;3;3;4;3;3;3;1;3;3;2;4;3;5;2;4;2;2;2;3;3;4;3;3;2;4;3;2
23;1;1;6;1;1;1;4;2;2;4;4;5;3;4;4;3;2;2;2;4;4;1;3;2;2;4;5;5;5;5;4;4;5;3;4;4;2;3;3;2;4;3;4;4;4
24;2;1;6;4;1;1;4;4;2;3;3;3;3;3;3;4;4;3;4;3;4;3;4;3;4;3;4;3;4;3;4;3;4;5;4;5;4;5;Columna 6;5;4;4;5;4;5
20;1;1;5;1;1;1;4;4;2;1;1;1;1;1;1;1;1;1;4;4;5;1;1;1;1;4;4;4;4;3;3;4;4;5;4;4;4;4;5;4;4;4;4;3;4
20;1;1;5;3;1;1;2;1;2;1;1;4;4;3;3;2;1;1;4;5;5;2;2;1;1;3;3;3;3;3;2;2;2;2;3;3;3;2;3;2;2;2;1;1;1
21;2;1;5;3;1;1;4;2;2;3;3;4;3;5;3;1;5;3;1;4;5;2;1;5;2;3;1;4;5;1;3;4;1;2;1;1;1;4;4;3;2;1;3;1;3
;femenino 1;univalle 1;;1 No estoy en sistema annual;1 privada ;1 Ciencias EconÛmicas;1. Primaria;1. Primaria;1 solo;;;;;;;;;;;;;;;;;;;;;;;;;;;;;;;;;;;;
;masculino 2;UCB 2;;2 segundo ;2 publica;2 Ingenieria y Tecnologia;2. Secundaria;2. Secundaria;2 Familia;;;;;;;;;;;;;;;;;;;;;;;;;;;;;;;;;;;;
;;UMSS 3;;3 tercero ;;3Ciencias Sociales;3. TÈcnico;3. TÈcnico;3 compaÒeros;;;;;;;;;;;;;;;;;;;;;;;;;;;;;;;;;;;;
;;;;4 cuarto ;;;4. Licenciatura;4. Licenciatura;4 con mis abuelos ;;;;;;;;;;;;;;;;;;;;;;;;;;;;;;;;;;;;
;;;;5 quinto;;;5. Posgrado;5. Posgrado;;;;;;;;;;;;;;;;;;;;;;;;;;;;;;;;;;;;;